file,symbol,start_line,end_line,file_sha256
software/LEAP/bluebook_generator/kpi_extractor.py,_empty_scan_stats,109,126,c1f0fd72d19e99acb31fc135106838951a650b093a5caca6e488cd8b8d6c0fb7
software/LEAP/bluebook_generator/kpi_extractor.py,_count_filesystem_inventory,129,147,c1f0fd72d19e99acb31fc135106838951a650b093a5caca6e488cd8b8d6c0fb7
software/LEAP/bluebook_generator/kpi_extractor.py,_read_text_file_safe,188,199,c1f0fd72d19e99acb31fc135106838951a650b093a5caca6e488cd8b8d6c0fb7
software/LEAP/bluebook_generator/kpi_extractor.py,_window,202,206,c1f0fd72d19e99acb31fc135106838951a650b093a5caca6e488cd8b8d6c0fb7
software/LEAP/bluebook_generator/kpi_extractor.py,_expand_forward_statement,209,244,c1f0fd72d19e99acb31fc135106838951a650b093a5caca6e488cd8b8d6c0fb7
software/LEAP/bluebook_generator/kpi_extractor.py,_normalize_name,247,256,c1f0fd72d19e99acb31fc135106838951a650b093a5caca6e488cd8b8d6c0fb7
software/LEAP/bluebook_generator/kpi_extractor.py,_is_ignored_dir_name,310,318,c1f0fd72d19e99acb31fc135106838951a650b093a5caca6e488cd8b8d6c0fb7
software/LEAP/bluebook_generator/kpi_extractor.py,_has_business_marker,321,329,c1f0fd72d19e99acb31fc135106838951a650b093a5caca6e488cd8b8d6c0fb7
software/LEAP/bluebook_generator/kpi_extractor.py,_has_formula_with_business_shape,332,342,c1f0fd72d19e99acb31fc135106838951a650b093a5caca6e488cd8b8d6c0fb7
software/LEAP/bluebook_generator/kpi_extractor.py,_has_explicit_formula_marker,345,351,c1f0fd72d19e99acb31fc135106838951a650b093a5caca6e488cd8b8d6c0fb7
software/LEAP/bluebook_generator/kpi_extractor.py,_has_explicit_business_metadata,354,360,c1f0fd72d19e99acb31fc135106838951a650b093a5caca6e488cd8b8d6c0fb7
software/LEAP/bluebook_generator/kpi_extractor.py,_has_executable_calculation,363,370,c1f0fd72d19e99acb31fc135106838951a650b093a5caca6e488cd8b8d6c0fb7
software/LEAP/bluebook_generator/kpi_extractor.py,_has_return_arithmetic_calculation,373,375,c1f0fd72d19e99acb31fc135106838951a650b093a5caca6e488cd8b8d6c0fb7
software/LEAP/bluebook_generator/kpi_extractor.py,_strip_string_literals,378,384,c1f0fd72d19e99acb31fc135106838951a650b093a5caca6e488cd8b8d6c0fb7
software/LEAP/bluebook_generator/kpi_extractor.py,_has_bad_formula_artifact,387,393,c1f0fd72d19e99acb31fc135106838951a650b093a5caca6e488cd8b8d6c0fb7
software/LEAP/bluebook_generator/kpi_extractor.py,_candidate_review_record,396,409,c1f0fd72d19e99acb31fc135106838951a650b093a5caca6e488cd8b8d6c0fb7
software/LEAP/bluebook_generator/kpi_extractor.py,evaluate_candidate_promotion,412,590,c1f0fd72d19e99acb31fc135106838951a650b093a5caca6e488cd8b8d6c0fb7
software/LEAP/bluebook_generator/kpi_extractor.py,_is_valid_kpi_candidate,593,595,c1f0fd72d19e99acb31fc135106838951a650b093a5caca6e488cd8b8d6c0fb7
software/LEAP/bluebook_generator/kpi_extractor.py,_extract_by_comment_tag,598,618,c1f0fd72d19e99acb31fc135106838951a650b093a5caca6e488cd8b8d6c0fb7
software/LEAP/bluebook_generator/kpi_extractor.py,_extract_python,621,661,c1f0fd72d19e99acb31fc135106838951a650b093a5caca6e488cd8b8d6c0fb7
software/LEAP/bluebook_generator/kpi_extractor.py,_extract_csharp_vb,664,711,c1f0fd72d19e99acb31fc135106838951a650b093a5caca6e488cd8b8d6c0fb7
software/LEAP/bluebook_generator/kpi_extractor.py,_extract_sql_like,714,853,c1f0fd72d19e99acb31fc135106838951a650b093a5caca6e488cd8b8d6c0fb7
software/LEAP/bluebook_generator/kpi_extractor.py,_extract_hana,856,904,c1f0fd72d19e99acb31fc135106838951a650b093a5caca6e488cd8b8d6c0fb7
software/LEAP/bluebook_generator/kpi_extractor.py,_extract_tsql,907,909,c1f0fd72d19e99acb31fc135106838951a650b093a5caca6e488cd8b8d6c0fb7
software/LEAP/bluebook_generator/kpi_extractor.py,_extract_plsql,912,933,c1f0fd72d19e99acb31fc135106838951a650b093a5caca6e488cd8b8d6c0fb7
software/LEAP/bluebook_generator/kpi_extractor.py,_extract_dax,936,997,c1f0fd72d19e99acb31fc135106838951a650b093a5caca6e488cd8b8d6c0fb7
software/LEAP/bluebook_generator/kpi_extractor.py,_extract_abap,1000,1022,c1f0fd72d19e99acb31fc135106838951a650b093a5caca6e488cd8b8d6c0fb7
software/LEAP/bluebook_generator/kpi_extractor.py,_extract_iec_st,1025,1069,c1f0fd72d19e99acb31fc135106838951a650b093a5caca6e488cd8b8d6c0fb7
software/LEAP/bluebook_generator/kpi_extractor.py,_extract_logic_heuristics,1073,1092,c1f0fd72d19e99acb31fc135106838951a650b093a5caca6e488cd8b8d6c0fb7
software/LEAP/bluebook_generator/kpi_extractor.py,_extract_generic,1094,1154,c1f0fd72d19e99acb31fc135106838951a650b093a5caca6e488cd8b8d6c0fb7
software/LEAP/bluebook_generator/kpi_extractor.py,_detect_language_by_extension,1160,1165,c1f0fd72d19e99acb31fc135106838951a650b093a5caca6e488cd8b8d6c0fb7
software/LEAP/bluebook_generator/kpi_extractor.py,_extract_from_text,1168,1188,c1f0fd72d19e99acb31fc135106838951a650b093a5caca6e488cd8b8d6c0fb7
software/LEAP/bluebook_generator/kpi_extractor.py,find_kpis_in_directory,1194,1449,c1f0fd72d19e99acb31fc135106838951a650b093a5caca6e488cd8b8d6c0fb7
software/LEAP/bluebook_generator/kpi_extractor.py,done,1205,1206,c1f0fd72d19e99acb31fc135106838951a650b093a5caca6e488cd8b8d6c0fb7
software/LEAP/bluebook_generator/kpi_extractor.py,rank,1408,1414,c1f0fd72d19e99acb31fc135106838951a650b093a5caca6e488cd8b8d6c0fb7
software/LEAP/bluebook_generator/kpi_extractor.py,compute_confidence,1419,1436,c1f0fd72d19e99acb31fc135106838951a650b093a5caca6e488cd8b8d6c0fb7
software/LEAP/bluebook_generator/main.py,_worker_context,20,24,e4a26797c6c7dccb49603745720e4dce7b85bd27e2c2c86f8292183b4b2188c5
software/LEAP/bluebook_generator/main.py,_package_display_path,58,63,e4a26797c6c7dccb49603745720e4dce7b85bd27e2c2c86f8292183b4b2188c5
software/LEAP/bluebook_generator/main.py,_business_display_name,66,100,e4a26797c6c7dccb49603745720e4dce7b85bd27e2c2c86f8292183b4b2188c5
software/LEAP/bluebook_generator/main.py,_business_label,103,132,e4a26797c6c7dccb49603745720e4dce7b85bd27e2c2c86f8292183b4b2188c5
software/LEAP/bluebook_generator/main.py,_prepare_kpi_display_names,135,141,e4a26797c6c7dccb49603745720e4dce7b85bd27e2c2c86f8292183b4b2188c5
software/LEAP/bluebook_generator/main.py,_executive_text,144,149,e4a26797c6c7dccb49603745720e4dce7b85bd27e2c2c86f8292183b4b2188c5
software/LEAP/bluebook_generator/main.py,_load_json_file,152,159,e4a26797c6c7dccb49603745720e4dce7b85bd27e2c2c86f8292183b4b2188c5
software/LEAP/bluebook_generator/main.py,_definition_override_candidates,162,169,e4a26797c6c7dccb49603745720e4dce7b85bd27e2c2c86f8292183b4b2188c5
software/LEAP/bluebook_generator/main.py,_load_definition_overrides,172,197,e4a26797c6c7dccb49603745720e4dce7b85bd27e2c2c86f8292183b4b2188c5
software/LEAP/bluebook_generator/main.py,_apply_definition_override,200,224,e4a26797c6c7dccb49603745720e4dce7b85bd27e2c2c86f8292183b4b2188c5
software/LEAP/bluebook_generator/main.py,_sanitize_text,227,234,e4a26797c6c7dccb49603745720e4dce7b85bd27e2c2c86f8292183b4b2188c5
software/LEAP/bluebook_generator/main.py,_looks_like_latex_formula,250,258,e4a26797c6c7dccb49603745720e4dce7b85bd27e2c2c86f8292183b4b2188c5
software/LEAP/bluebook_generator/main.py,_normalize_latex_formula,261,320,e4a26797c6c7dccb49603745720e4dce7b85bd27e2c2c86f8292183b4b2188c5
software/LEAP/bluebook_generator/main.py,_normalize_business_identifier,323,356,e4a26797c6c7dccb49603745720e4dce7b85bd27e2c2c86f8292183b4b2188c5
software/LEAP/bluebook_generator/main.py,_normalize_business_label_in_latex,359,383,e4a26797c6c7dccb49603745720e4dce7b85bd27e2c2c86f8292183b4b2188c5
software/LEAP/bluebook_generator/main.py,_math_label,386,395,e4a26797c6c7dccb49603745720e4dce7b85bd27e2c2c86f8292183b4b2188c5
software/LEAP/bluebook_generator/main.py,_plain_latex_label,398,405,e4a26797c6c7dccb49603745720e4dce7b85bd27e2c2c86f8292183b4b2188c5
software/LEAP/bluebook_generator/main.py,_is_simple_latex_operand,408,411,e4a26797c6c7dccb49603745720e4dce7b85bd27e2c2c86f8292183b4b2188c5
software/LEAP/bluebook_generator/main.py,_extract_simple_latex_fraction,414,451,e4a26797c6c7dccb49603745720e4dce7b85bd27e2c2c86f8292183b4b2188c5
software/LEAP/bluebook_generator/main.py,_formula_notes_html,454,457,e4a26797c6c7dccb49603745720e4dce7b85bd27e2c2c86f8292183b4b2188c5
software/LEAP/bluebook_generator/main.py,_canonical_formula_html,460,461,e4a26797c6c7dccb49603745720e4dce7b85bd27e2c2c86f8292183b4b2188c5
software/LEAP/bluebook_generator/main.py,_missing_formula_html,464,470,e4a26797c6c7dccb49603745720e4dce7b85bd27e2c2c86f8292183b4b2188c5
software/LEAP/bluebook_generator/main.py,_latex_formula_html,473,489,e4a26797c6c7dccb49603745720e4dce7b85bd27e2c2c86f8292183b4b2188c5
software/LEAP/bluebook_generator/main.py,format_text_as_html_list,492,503,e4a26797c6c7dccb49603745720e4dce7b85bd27e2c2c86f8292183b4b2188c5
software/LEAP/bluebook_generator/main.py,_extract_function_block,506,558,e4a26797c6c7dccb49603745720e4dce7b85bd27e2c2c86f8292183b4b2188c5
software/LEAP/bluebook_generator/main.py,generate_formula_from_code,561,1428,e4a26797c6c7dccb49603745720e4dce7b85bd27e2c2c86f8292183b4b2188c5
software/LEAP/bluebook_generator/main.py,create_rst_file,1431,2845,e4a26797c6c7dccb49603745720e4dce7b85bd27e2c2c86f8292183b4b2188c5
software/LEAP/bluebook_generator/main.py,_confidence_band,2848,2857,e4a26797c6c7dccb49603745720e4dce7b85bd27e2c2c86f8292183b4b2188c5
software/LEAP/bluebook_generator/main.py,_slug_for_ref,2860,2863,e4a26797c6c7dccb49603745720e4dce7b85bd27e2c2c86f8292183b4b2188c5
software/LEAP/bluebook_generator/main.py,create_discovery_report,2866,3252,e4a26797c6c7dccb49603745720e4dce7b85bd27e2c2c86f8292183b4b2188c5
software/LEAP/bluebook_generator/main.py,create_raci_directory,3255,3542,e4a26797c6c7dccb49603745720e4dce7b85bd27e2c2c86f8292183b4b2188c5
software/LEAP/bluebook_generator/main.py,create_extraction_review,3545,3637,e4a26797c6c7dccb49603745720e4dce7b85bd27e2c2c86f8292183b4b2188c5
software/LEAP/bluebook_generator/main.py,update_index_rst,3640,3864,e4a26797c6c7dccb49603745720e4dce7b85bd27e2c2c86f8292183b4b2188c5
software/LEAP/bluebook_generator/main.py,generate_bluebook,3867,4106,e4a26797c6c7dccb49603745720e4dce7b85bd27e2c2c86f8292183b4b2188c5
software/LEAP/bluebook_generator/main.py,normalize_command,276,279,e4a26797c6c7dccb49603745720e4dce7b85bd27e2c2c86f8292183b4b2188c5
software/LEAP/bluebook_generator/main.py,normalize_text_content,292,296,e4a26797c6c7dccb49603745720e4dce7b85bd27e2c2c86f8292183b4b2188c5
software/LEAP/bluebook_generator/main.py,normalize_mathrm_content,309,315,e4a26797c6c7dccb49603745720e4dce7b85bd27e2c2c86f8292183b4b2188c5
software/LEAP/bluebook_generator/main.py,read_group,419,431,e4a26797c6c7dccb49603745720e4dce7b85bd27e2c2c86f8292183b4b2188c5
software/LEAP/bluebook_generator/main.py,latex_escape,581,593,e4a26797c6c7dccb49603745720e4dce7b85bd27e2c2c86f8292183b4b2188c5
software/LEAP/bluebook_generator/main.py,sanitize_token,595,622,e4a26797c6c7dccb49603745720e4dce7b85bd27e2c2c86f8292183b4b2188c5
software/LEAP/bluebook_generator/main.py,L,624,625,e4a26797c6c7dccb49603745720e4dce7b85bd27e2c2c86f8292183b4b2188c5
software/LEAP/bluebook_generator/main.py,strip_inline_comments,627,634,e4a26797c6c7dccb49603745720e4dce7b85bd27e2c2c86f8292183b4b2188c5
software/LEAP/bluebook_generator/main.py,unwrap_sql_expr,636,646,e4a26797c6c7dccb49603745720e4dce7b85bd27e2c2c86f8292183b4b2188c5
software/LEAP/bluebook_generator/main.py,normalize_sql_guards,648,663,e4a26797c6c7dccb49603745720e4dce7b85bd27e2c2c86f8292183b4b2188c5
software/LEAP/bluebook_generator/main.py,is_invalid_formula_candidate,665,675,e4a26797c6c7dccb49603745720e4dce7b85bd27e2c2c86f8292183b4b2188c5
software/LEAP/bluebook_generator/main.py,strip_wrapping_parentheses,677,693,e4a26797c6c7dccb49603745720e4dce7b85bd27e2c2c86f8292183b4b2188c5
software/LEAP/bluebook_generator/main.py,balance_parentheses,695,701,e4a26797c6c7dccb49603745720e4dce7b85bd27e2c2c86f8292183b4b2188c5
software/LEAP/bluebook_generator/main.py,normalize_expression,703,716,e4a26797c6c7dccb49603745720e4dce7b85bd27e2c2c86f8292183b4b2188c5
software/LEAP/bluebook_generator/main.py,split_top_level_operator,718,733,e4a26797c6c7dccb49603745720e4dce7b85bd27e2c2c86f8292183b4b2188c5
software/LEAP/bluebook_generator/main.py,split_top_level_division,735,739,e4a26797c6c7dccb49603745720e4dce7b85bd27e2c2c86f8292183b4b2188c5
software/LEAP/bluebook_generator/main.py,split_top_level_product,741,758,e4a26797c6c7dccb49603745720e4dce7b85bd27e2c2c86f8292183b4b2188c5
software/LEAP/bluebook_generator/main.py,clean_operand,760,774,e4a26797c6c7dccb49603745720e4dce7b85bd27e2c2c86f8292183b4b2188c5
software/LEAP/bluebook_generator/main.py,is_math_like,776,785,e4a26797c6c7dccb49603745720e4dce7b85bd27e2c2c86f8292183b4b2188c5
software/LEAP/bluebook_generator/main.py,is_weak_expr,787,799,e4a26797c6c7dccb49603745720e4dce7b85bd27e2c2c86f8292183b4b2188c5
software/LEAP/bluebook_generator/main.py,is_numeric_literal,801,802,e4a26797c6c7dccb49603745720e4dce7b85bd27e2c2c86f8292183b4b2188c5
software/LEAP/bluebook_generator/main.py,to_business_label,804,826,e4a26797c6c7dccb49603745720e4dce7b85bd27e2c2c86f8292183b4b2188c5
software/LEAP/bluebook_generator/main.py,tokenize,866,874,e4a26797c6c7dccb49603745720e4dce7b85bd27e2c2c86f8292183b4b2188c5
software/LEAP/bluebook_generator/main.py,parse_expression_nodes,876,925,e4a26797c6c7dccb49603745720e4dce7b85bd27e2c2c86f8292183b4b2188c5
software/LEAP/bluebook_generator/main.py,parse_to_latex,927,936,e4a26797c6c7dccb49603745720e4dce7b85bd27e2c2c86f8292183b4b2188c5
software/LEAP/bluebook_generator/main.py,render_latex_expr,938,973,e4a26797c6c7dccb49603745720e4dce7b85bd27e2c2c86f8292183b4b2188c5
software/LEAP/bluebook_generator/main.py,note_label,975,981,e4a26797c6c7dccb49603745720e4dce7b85bd27e2c2c86f8292183b4b2188c5
software/LEAP/bluebook_generator/main.py,split_ratio_and_scale,983,1000,e4a26797c6c7dccb49603745720e4dce7b85bd27e2c2c86f8292183b4b2188c5
software/LEAP/bluebook_generator/main.py,compact_result_label,1002,1015,e4a26797c6c7dccb49603745720e4dce7b85bd27e2c2c86f8292183b4b2188c5
software/LEAP/bluebook_generator/main.py,aggregate_match,1017,1028,e4a26797c6c7dccb49603745720e4dce7b85bd27e2c2c86f8292183b4b2188c5
software/LEAP/bluebook_generator/main.py,find_top_level_as_positions,1030,1041,e4a26797c6c7dccb49603745720e4dce7b85bd27e2c2c86f8292183b4b2188c5
software/LEAP/bluebook_generator/main.py,split_top_level_commas,1043,1060,e4a26797c6c7dccb49603745720e4dce7b85bd27e2c2c86f8292183b4b2188c5
software/LEAP/bluebook_generator/main.py,extract_select_clauses,1062,1099,e4a26797c6c7dccb49603745720e4dce7b85bd27e2c2c86f8292183b4b2188c5
software/LEAP/bluebook_generator/main.py,extract_calculation_hint,1101,1135,e4a26797c6c7dccb49603745720e4dce7b85bd27e2c2c86f8292183b4b2188c5
software/LEAP/bluebook_generator/main.py,extract_nps_formula,1137,1151,e4a26797c6c7dccb49603745720e4dce7b85bd27e2c2c86f8292183b4b2188c5
software/LEAP/bluebook_generator/main.py,extract_structured_expression,1153,1175,e4a26797c6c7dccb49603745720e4dce7b85bd27e2c2c86f8292183b4b2188c5
software/LEAP/bluebook_generator/main.py,gd,1177,1183,e4a26797c6c7dccb49603745720e4dce7b85bd27e2c2c86f8292183b4b2188c5
software/LEAP/bluebook_generator/main.py,extract_result_name_and_expression,1194,1356,e4a26797c6c7dccb49603745720e4dce7b85bd27e2c2c86f8292183b4b2188c5
software/LEAP/bluebook_generator/main.py,build_html,1358,1406,e4a26797c6c7dccb49603745720e4dce7b85bd27e2c2c86f8292183b4b2188c5
software/LEAP/bluebook_generator/main.py,_looks_like_formula,1617,1630,e4a26797c6c7dccb49603745720e4dce7b85bd27e2c2c86f8292183b4b2188c5
software/LEAP/bluebook_generator/main.py,_formula_html_quality,1632,1651,e4a26797c6c7dccb49603745720e4dce7b85bd27e2c2c86f8292183b4b2188c5
software/LEAP/bluebook_generator/main.py,_plain_text,1813,1816,e4a26797c6c7dccb49603745720e4dce7b85bd27e2c2c86f8292183b4b2188c5
software/LEAP/bluebook_generator/main.py,_is_undetermined_text,1818,1826,e4a26797c6c7dccb49603745720e4dce7b85bd27e2c2c86f8292183b4b2188c5
software/LEAP/bluebook_generator/main.py,_first_sentence,1828,1835,e4a26797c6c7dccb49603745720e4dce7b85bd27e2c2c86f8292183b4b2188c5
software/LEAP/bluebook_generator/main.py,_business_formula_sentence,1837,1856,e4a26797c6c7dccb49603745720e4dce7b85bd27e2c2c86f8292183b4b2188c5
software/LEAP/bluebook_generator/main.py,_movement_language,1858,1896,e4a26797c6c7dccb49603745720e4dce7b85bd27e2c2c86f8292183b4b2188c5
software/LEAP/bluebook_generator/main.py,_evidence_snippet,1898,1910,e4a26797c6c7dccb49603745720e4dce7b85bd27e2c2c86f8292183b4b2188c5
software/LEAP/bluebook_generator/main.py,_developer_tokens_from_source,1912,1958,e4a26797c6c7dccb49603745720e4dce7b85bd27e2c2c86f8292183b4b2188c5
software/LEAP/bluebook_generator/main.py,_token_key,1960,1961,e4a26797c6c7dccb49603745720e4dce7b85bd27e2c2c86f8292183b4b2188c5
software/LEAP/bluebook_generator/main.py,_developer_label_for,1963,1994,e4a26797c6c7dccb49603745720e4dce7b85bd27e2c2c86f8292183b4b2188c5
software/LEAP/bluebook_generator/main.py,_code_role_for_line,1996,2028,e4a26797c6c7dccb49603745720e4dce7b85bd27e2c2c86f8292183b4b2188c5
software/LEAP/bluebook_generator/main.py,_developer_lineage_html,2030,2050,e4a26797c6c7dccb49603745720e4dce7b85bd27e2c2c86f8292183b4b2188c5
software/LEAP/bluebook_generator/main.py,_display_formula_symbol,2052,2063,e4a26797c6c7dccb49603745720e4dce7b85bd27e2c2c86f8292183b4b2188c5
software/LEAP/bluebook_generator/main.py,_business_label_for_code_token,2065,2111,e4a26797c6c7dccb49603745720e4dce7b85bd27e2c2c86f8292183b4b2188c5
software/LEAP/bluebook_generator/main.py,_math_symbol_for_token,2113,2142,e4a26797c6c7dccb49603745720e4dce7b85bd27e2c2c86f8292183b4b2188c5
software/LEAP/bluebook_generator/main.py,_operator_label,2144,2157,e4a26797c6c7dccb49603745720e4dce7b85bd27e2c2c86f8292183b4b2188c5
software/LEAP/bluebook_generator/main.py,_source_expression_for_annotation,2159,2186,e4a26797c6c7dccb49603745720e4dce7b85bd27e2c2c86f8292183b4b2188c5
software/LEAP/bluebook_generator/main.py,_fallback_annotation_expression,2188,2226,e4a26797c6c7dccb49603745720e4dce7b85bd27e2c2c86f8292183b4b2188c5
software/LEAP/bluebook_generator/main.py,_formula_rhs_for_annotation,2228,2252,e4a26797c6c7dccb49603745720e4dce7b85bd27e2c2c86f8292183b4b2188c5
software/LEAP/bluebook_generator/main.py,_strip_annotation_units,2254,2264,e4a26797c6c7dccb49603745720e4dce7b85bd27e2c2c86f8292183b4b2188c5
software/LEAP/bluebook_generator/main.py,_tokenize_formula_expression,2266,2285,e4a26797c6c7dccb49603745720e4dce7b85bd27e2c2c86f8292183b4b2188c5
software/LEAP/bluebook_generator/main.py,_formula_node_html,2287,2302,e4a26797c6c7dccb49603745720e4dce7b85bd27e2c2c86f8292183b4b2188c5
software/LEAP/bluebook_generator/main.py,_formula_node_token,2304,2323,e4a26797c6c7dccb49603745720e4dce7b85bd27e2c2c86f8292183b4b2188c5
software/LEAP/bluebook_generator/main.py,_formula_tokens_from_expression,2325,2372,e4a26797c6c7dccb49603745720e4dce7b85bd27e2c2c86f8292183b4b2188c5
software/LEAP/bluebook_generator/main.py,_nodes_from_expression,2374,2383,e4a26797c6c7dccb49603745720e4dce7b85bd27e2c2c86f8292183b4b2188c5
software/LEAP/bluebook_generator/main.py,_shorten_label,2385,2389,e4a26797c6c7dccb49603745720e4dce7b85bd27e2c2c86f8292183b4b2188c5
software/LEAP/bluebook_generator/main.py,_annotated_equation_html,2391,2407,e4a26797c6c7dccb49603745720e4dce7b85bd27e2c2c86f8292183b4b2188c5
software/LEAP/bluebook_generator/main.py,_annotated_equation_tokens,2409,2437,e4a26797c6c7dccb49603745720e4dce7b85bd27e2c2c86f8292183b4b2188c5
software/LEAP/bluebook_generator/main.py,_normalize_formula_tokens,2439,2478,e4a26797c6c7dccb49603745720e4dce7b85bd27e2c2c86f8292183b4b2188c5
software/LEAP/bluebook_generator/main.py,_walkthrough_operational_intent,2502,2512,e4a26797c6c7dccb49603745720e4dce7b85bd27e2c2c86f8292183b4b2188c5
software/LEAP/bluebook_generator/main.py,_walkthrough_recipe_html,2514,2530,e4a26797c6c7dccb49603745720e4dce7b85bd27e2c2c86f8292183b4b2188c5
software/LEAP/bluebook_generator/main.py,_walkthrough_safeguards_html,2532,2598,e4a26797c6c7dccb49603745720e4dce7b85bd27e2c2c86f8292183b4b2188c5
software/LEAP/bluebook_generator/main.py,_walkthrough_signoff,2600,2607,e4a26797c6c7dccb49603745720e4dce7b85bd27e2c2c86f8292183b4b2188c5
software/LEAP/bluebook_generator/main.py,_non_empty,2743,2749,e4a26797c6c7dccb49603745720e4dce7b85bd27e2c2c86f8292183b4b2188c5
software/LEAP/bluebook_generator/main.py,_fmt_seconds,2767,2773,e4a26797c6c7dccb49603745720e4dce7b85bd27e2c2c86f8292183b4b2188c5
software/LEAP/bluebook_generator/main.py,_card,2915,2932,e4a26797c6c7dccb49603745720e4dce7b85bd27e2c2c86f8292183b4b2188c5
software/LEAP/bluebook_generator/main.py,_rows,2934,2955,e4a26797c6c7dccb49603745720e4dce7b85bd27e2c2c86f8292183b4b2188c5
software/LEAP/bluebook_generator/main.py,_compact_rows,2957,2968,e4a26797c6c7dccb49603745720e4dce7b85bd27e2c2c86f8292183b4b2188c5
software/LEAP/bluebook_generator/main.py,source_display,2970,2977,e4a26797c6c7dccb49603745720e4dce7b85bd27e2c2c86f8292183b4b2188c5
software/LEAP/bluebook_generator/main.py,_kpi_display_name,3023,3024,e4a26797c6c7dccb49603745720e4dce7b85bd27e2c2c86f8292183b4b2188c5
software/LEAP/bluebook_generator/main.py,_kpi_href,3026,3028,e4a26797c6c7dccb49603745720e4dce7b85bd27e2c2c86f8292183b4b2188c5
software/LEAP/bluebook_generator/main.py,_objective_needs_confirmation,3030,3033,e4a26797c6c7dccb49603745720e4dce7b85bd27e2c2c86f8292183b4b2188c5
software/LEAP/bluebook_generator/main.py,_lineage_gap,3035,3038,e4a26797c6c7dccb49603745720e4dce7b85bd27e2c2c86f8292183b4b2188c5
software/LEAP/bluebook_generator/main.py,_decision_rows,3040,3056,e4a26797c6c7dccb49603745720e4dce7b85bd27e2c2c86f8292183b4b2188c5
software/LEAP/bluebook_generator/main.py,_slug,3281,3282,e4a26797c6c7dccb49603745720e4dce7b85bd27e2c2c86f8292183b4b2188c5
software/LEAP/bluebook_generator/main.py,_employee_id,3284,3286,e4a26797c6c7dccb49603745720e4dce7b85bd27e2c2c86f8292183b4b2188c5
software/LEAP/bluebook_generator/main.py,_email,3288,3289,e4a26797c6c7dccb49603745720e4dce7b85bd27e2c2c86f8292183b4b2188c5
software/LEAP/bluebook_generator/main.py,_role_tier,3291,3297,e4a26797c6c7dccb49603745720e4dce7b85bd27e2c2c86f8292183b4b2188c5
software/LEAP/bluebook_generator/main.py,_metric_card,3346,3353,e4a26797c6c7dccb49603745720e4dce7b85bd27e2c2c86f8292183b4b2188c5
software/LEAP/bluebook_generator/main.py,_rows,3355,3364,e4a26797c6c7dccb49603745720e4dce7b85bd27e2c2c86f8292183b4b2188c5
software/LEAP/bluebook_generator/main.py,_role_badge_class,3366,3372,e4a26797c6c7dccb49603745720e4dce7b85bd27e2c2c86f8292183b4b2188c5
software/LEAP/bluebook_generator/main.py,_risk_card,3374,3382,e4a26797c6c7dccb49603745720e4dce7b85bd27e2c2c86f8292183b4b2188c5
software/LEAP/bluebook_generator/main.py,_risk_rows,3384,3394,e4a26797c6c7dccb49603745720e4dce7b85bd27e2c2c86f8292183b4b2188c5
software/LEAP/bluebook_generator/main.py,_row,3552,3583,e4a26797c6c7dccb49603745720e4dce7b85bd27e2c2c86f8292183b4b2188c5
software/LEAP/bluebook_generator/main.py,_attention_rows,3707,3720,e4a26797c6c7dccb49603745720e4dce7b85bd27e2c2c86f8292183b4b2188c5
software/LEAP/bluebook_generator/main.py,_card,3751,3768,e4a26797c6c7dccb49603745720e4dce7b85bd27e2c2c86f8292183b4b2188c5
software/LEAP/bluebook_generator/main.py,_compact_rows,3770,3779,e4a26797c6c7dccb49603745720e4dce7b85bd27e2c2c86f8292183b4b2188c5
software/LEAP/bluebook_generator/main.py,_trim_context,3934,3944,e4a26797c6c7dccb49603745720e4dce7b85bd27e2c2c86f8292183b4b2188c5
software/LEAP/bluebook_generator/main.py,_ai_task,3946,3971,e4a26797c6c7dccb49603745720e4dce7b85bd27e2c2c86f8292183b4b2188c5
software/LEAP/bluebook_generator/main.py,__init__,832,833,e4a26797c6c7dccb49603745720e4dce7b85bd27e2c2c86f8292183b4b2188c5
software/LEAP/bluebook_generator/main.py,to_latex,834,835,e4a26797c6c7dccb49603745720e4dce7b85bd27e2c2c86f8292183b4b2188c5
software/LEAP/bluebook_generator/main.py,__init__,838,839,e4a26797c6c7dccb49603745720e4dce7b85bd27e2c2c86f8292183b4b2188c5
software/LEAP/bluebook_generator/main.py,to_latex,840,841,e4a26797c6c7dccb49603745720e4dce7b85bd27e2c2c86f8292183b4b2188c5
software/LEAP/bluebook_generator/main.py,__init__,844,847,e4a26797c6c7dccb49603745720e4dce7b85bd27e2c2c86f8292183b4b2188c5
software/LEAP/bluebook_generator/main.py,to_latex,848,858,e4a26797c6c7dccb49603745720e4dce7b85bd27e2c2c86f8292183b4b2188c5
software/LEAP/bluebook_generator/main.py,__init__,861,862,e4a26797c6c7dccb49603745720e4dce7b85bd27e2c2c86f8292183b4b2188c5
software/LEAP/bluebook_generator/main.py,to_latex,863,864,e4a26797c6c7dccb49603745720e4dce7b85bd27e2c2c86f8292183b4b2188c5
software/LEAP/bluebook_generator/main.py,peek,878,881,e4a26797c6c7dccb49603745720e4dce7b85bd27e2c2c86f8292183b4b2188c5
software/LEAP/bluebook_generator/main.py,consume,882,885,e4a26797c6c7dccb49603745720e4dce7b85bd27e2c2c86f8292183b4b2188c5
software/LEAP/bluebook_generator/main.py,parse_primary,886,900,e4a26797c6c7dccb49603745720e4dce7b85bd27e2c2c86f8292183b4b2188c5
software/LEAP/bluebook_generator/main.py,parse_exponent,901,907,e4a26797c6c7dccb49603745720e4dce7b85bd27e2c2c86f8292183b4b2188c5
software/LEAP/bluebook_generator/main.py,parse_term,908,914,e4a26797c6c7dccb49603745720e4dce7b85bd27e2c2c86f8292183b4b2188c5
software/LEAP/bluebook_generator/main.py,parse_expr,915,921,e4a26797c6c7dccb49603745720e4dce7b85bd27e2c2c86f8292183b4b2188c5
software/LEAP/bluebook_generator/main.py,inferred_result_name,1102,1117,e4a26797c6c7dccb49603745720e4dce7b85bd27e2c2c86f8292183b4b2188c5
software/LEAP/bluebook_generator/main.py,_format_mapping,1968,1974,e4a26797c6c7dccb49603745720e4dce7b85bd27e2c2c86f8292183b4b2188c5
software/LEAP/bluebook_generator/main.py,replace_lhs,1756,1757,e4a26797c6c7dccb49603745720e4dce7b85bd27e2c2c86f8292183b4b2188c5
software/LEAP/bluebook_generator/parser.py,extract_formula_from_comments,4,12,13f011bb47b6e08fa54024b84d97b564a7e796d4d7168710b0549359be3ec429
software/LEAP/bluebook_generator/parser.py,find_kpis_in_directory,16,24,13f011bb47b6e08fa54024b84d97b564a7e796d4d7168710b0549359be3ec429
software/LEAP/bluebook_generator/ai_generator.py,_strip_comment_prefix,42,48,09b2ed8faa493b6969ab41e7d26cc36e22153642db1601332d55f1a2f7b8321a
software/LEAP/bluebook_generator/ai_generator.py,_explicit_comment_fields,51,84,09b2ed8faa493b6969ab41e7d26cc36e22153642db1601332d55f1a2f7b8321a
software/LEAP/bluebook_generator/ai_generator.py,_source_parameters,87,104,09b2ed8faa493b6969ab41e7d26cc36e22153642db1601332d55f1a2f7b8321a
software/LEAP/bluebook_generator/ai_generator.py,_source_tables,107,122,09b2ed8faa493b6969ab41e7d26cc36e22153642db1601332d55f1a2f7b8321a
software/LEAP/bluebook_generator/ai_generator.py,_dedupe,125,133,09b2ed8faa493b6969ab41e7d26cc36e22153642db1601332d55f1a2f7b8321a
software/LEAP/bluebook_generator/ai_generator.py,_explicit_unit,136,147,09b2ed8faa493b6969ab41e7d26cc36e22153642db1601332d55f1a2f7b8321a
software/LEAP/bluebook_generator/ai_generator.py,_sql_implementation,150,163,09b2ed8faa493b6969ab41e7d26cc36e22153642db1601332d55f1a2f7b8321a
software/LEAP/bluebook_generator/ai_generator.py,_deterministic_kpi_details,165,189,09b2ed8faa493b6969ab41e7d26cc36e22153642db1601332d55f1a2f7b8321a
software/LEAP/bluebook_generator/ai_generator.py,_ai_engine_enabled,192,195,09b2ed8faa493b6969ab41e7d26cc36e22153642db1601332d55f1a2f7b8321a
software/LEAP/bluebook_generator/ai_generator.py,_is_explicit,198,210,09b2ed8faa493b6969ab41e7d26cc36e22153642db1601332d55f1a2f7b8321a
software/LEAP/bluebook_generator/ai_generator.py,_optional_ai_details,213,295,09b2ed8faa493b6969ab41e7d26cc36e22153642db1601332d55f1a2f7b8321a
software/LEAP/bluebook_generator/ai_generator.py,generate_kpi_details,298,303,09b2ed8faa493b6969ab41e7d26cc36e22153642db1601332d55f1a2f7b8321a
software/LEAP/bluebook_generator/governance.py,_safe_text,20,21,37c5f82a4131264628f0f2193404baa98d34832dee2cfa4923939fd6f52424ef
software/LEAP/bluebook_generator/governance.py,_load_json,24,30,37c5f82a4131264628f0f2193404baa98d34832dee2cfa4923939fd6f52424ef
software/LEAP/bluebook_generator/governance.py,load_governance_rules,33,37,37c5f82a4131264628f0f2193404baa98d34832dee2cfa4923939fd6f52424ef
software/LEAP/bluebook_generator/governance.py,load_governance_overrides,40,44,37c5f82a4131264628f0f2193404baa98d34832dee2cfa4923939fd6f52424ef
software/LEAP/bluebook_generator/governance.py,_iter_rules,47,59,37c5f82a4131264628f0f2193404baa98d34832dee2cfa4923939fd6f52424ef
software/LEAP/bluebook_generator/governance.py,_match_rule,62,76,37c5f82a4131264628f0f2193404baa98d34832dee2cfa4923939fd6f52424ef
software/LEAP/bluebook_generator/governance.py,_override_candidates,79,86,37c5f82a4131264628f0f2193404baa98d34832dee2cfa4923939fd6f52424ef
software/LEAP/bluebook_generator/governance.py,_find_override,89,104,37c5f82a4131264628f0f2193404baa98d34832dee2cfa4923939fd6f52424ef
software/LEAP/bluebook_generator/governance.py,infer_raci,107,163,37c5f82a4131264628f0f2193404baa98d34832dee2cfa4923939fd6f52424ef
software/LEAP/bluebook_generator/governance.py,attach_governance,166,175,37c5f82a4131264628f0f2193404baa98d34832dee2cfa4923939fd6f52424ef
software/LEAP/data/validation/test_scenario_fixtures.py,parse_expected_header,58,92,64a44430e41e8664912a38ab6fc9555b430a6716f6ccb21ef234a2765e9f69c5
software/LEAP/data/validation/test_scenario_fixtures.py,evaluate_fixture,95,146,64a44430e41e8664912a38ab6fc9555b430a6716f6ccb21ef234a2765e9f69c5
software/LEAP/data/validation/test_scenario_fixtures.py,test_all_scenario_fixtures,149,265,64a44430e41e8664912a38ab6fc9555b430a6716f6ccb21ef234a2765e9f69c5
software/LEAP/test_app.py,client,9,11,dc520e9285590e16f3ab6a4d182379a382bf0621c8cc549e762a0fa2d7b29e93
software/LEAP/test_app.py,test_control_plane_routes_are_available,14,17,dc520e9285590e16f3ab6a4d182379a382bf0621c8cc549e762a0fa2d7b29e93
software/LEAP/test_app.py,test_worker_count_is_reported_only_for_ai_enrichment,20,24,dc520e9285590e16f3ab6a4d182379a382bf0621c8cc549e762a0fa2d7b29e93
software/LEAP/test_app.py,test_workspace_stats_payload_shape,27,35,dc520e9285590e16f3ab6a4d182379a382bf0621c8cc549e762a0fa2d7b29e93
software/LEAP/test_app.py,test_committed_bluebook_pages_are_served,38,50,dc520e9285590e16f3ab6a4d182379a382bf0621c8cc549e762a0fa2d7b29e93
software/LEAP/test_app.py,test_bluebook_static_assets_are_served,53,63,dc520e9285590e16f3ab6a4d182379a382bf0621c8cc549e762a0fa2d7b29e93
software/LEAP/test_app.py,test_enterprise_workspace_assets_are_present,66,78,dc520e9285590e16f3ab6a4d182379a382bf0621c8cc549e762a0fa2d7b29e93
software/LEAP/test_app.py,test_compliance_alarms_pdpl_pii,81,99,dc520e9285590e16f3ab6a4d182379a382bf0621c8cc549e762a0fa2d7b29e93
software/LEAP/test_app.py,test_compliance_alarms_nca_sec,102,121,dc520e9285590e16f3ab6a4d182379a382bf0621c8cc549e762a0fa2d7b29e93
software/LEAP/test_app.py,test_compliance_alarms_nca_aud,124,141,dc520e9285590e16f3ab6a4d182379a382bf0621c8cc549e762a0fa2d7b29e93
software/LEAP/test_app.py,test_compliance_alarms_gdpr_proc,144,161,dc520e9285590e16f3ab6a4d182379a382bf0621c8cc549e762a0fa2d7b29e93
software/LEAP/test_app.py,test_compliance_alarms_soc2_lineage,164,181,dc520e9285590e16f3ab6a4d182379a382bf0621c8cc549e762a0fa2d7b29e93
software/LEAP/test_app.py,test_review_queue_signal_separation,184,240,dc520e9285590e16f3ab6a4d182379a382bf0621c8cc549e762a0fa2d7b29e93
software/LEAP/test_app.py,test_candidate_promotion_gate_quarantines_helper_and_register_noise,243,276,dc520e9285590e16f3ab6a4d182379a382bf0621c8cc549e762a0fa2d7b29e93
software/LEAP/test_app.py,test_candidate_promotion_gate_promotes_explicit_formula_kpi,279,295,dc520e9285590e16f3ab6a4d182379a382bf0621c8cc549e762a0fa2d7b29e93
software/LEAP/test_app.py,test_mate_preserves_explicit_latex_and_formula_annotations,298,322,dc520e9285590e16f3ab6a4d182379a382bf0621c8cc549e762a0fa2d7b29e93
software/LEAP/test_app.py,test_mate_generated_dossier_contains_annotated_formula_lineage,325,334,dc520e9285590e16f3ab6a4d182379a382bf0621c8cc549e762a0fa2d7b29e93
software/LEAP/test_app.py,test_iso_22400_yield_rule_detection_and_clean_control,337,375,dc520e9285590e16f3ab6a4d182379a382bf0621c8cc549e762a0fa2d7b29e93
software/LEAP/test_app.py,test_iso_22400_asset_utilization_rule_detection_and_clean_control,378,404,dc520e9285590e16f3ab6a4d182379a382bf0621c8cc549e762a0fa2d7b29e93
