path,bytes,sha256
LEAP/.gitignore,95,bd35439645ad4cd20f8dd4325f7139ca30df24c3e3fd3724100a46f112198353
LEAP/Committee_Read/COMMITTEE_REVIEW_GUIDE.md,6443,8e5ca150b6702c1ab9e0e5333484c63a115c875760d7f8389e0d2ecf79381cae
LEAP/Committee_Read/PACKAGE_CONTENTS.md,1886,f3ad02832a88a75639fd5fbb1509b33388093b2391cadf62a32be9a153f4ac91
LEAP/LICENSE,1072,3967612a8b87fd52636be2afaf24f572c98ed54fcca056b5a8caeb5e8dc43cc4
LEAP/README.md,16149,8d02f6423088d70e2512de641031c21cb56c775b0e9a1fc6b7f5bd5aea9a54fe
LEAP/app.py,21597,fe36d71debfb1e74a4e48b7b2b44faed403222549110a27fc752b8df07194e52
LEAP/bluebook_generator/__init__.py,215,569471683daa0d1ece14a7458456013070c5e9d3bba8cff84991f603675e50d7
LEAP/bluebook_generator/__main__.py,278,ae6afacc6285d511d52e7c2c2a2f287c964852ba166602572e545aa598855df9
LEAP/bluebook_generator/ai_generator.py,11082,09b2ed8faa493b6969ab41e7d26cc36e22153642db1601332d55f1a2f7b8321a
LEAP/bluebook_generator/cli.py,2207,2c96a1f4964e40491f71697f21a690a630ee59bfb7126e88158fa7c8ab2ebb56
LEAP/bluebook_generator/governance.py,6313,37c5f82a4131264628f0f2193404baa98d34832dee2cfa4923939fd6f52424ef
LEAP/bluebook_generator/kpi_extractor.py,49854,c1f0fd72d19e99acb31fc135106838951a650b093a5caca6e488cd8b8d6c0fb7
LEAP/bluebook_generator/main.py,174549,e4a26797c6c7dccb49603745720e4dce7b85bd27e2c2c86f8292183b4b2188c5
LEAP/bluebook_generator/parser.py,889,13f011bb47b6e08fa54024b84d97b564a7e796d4d7168710b0549359be3ec429
LEAP/bluebook_generator/paths.py,1098,999725948a4300863e422ddd2f95ca20b22311b845362ac9c9a64842bde98a57
LEAP/data/demo/sample_project/__init__.py,0,e3b0c44298fc1c149afbf4c8996fb92427ae41e4649b934ca495991b7852b855
LEAP/data/demo/sample_project/abap_kpi.abap,502,70bacc5f2cb908c11f11cf18a77170662c2caf6b0a00f6158ddea6d89a063cfb
LEAP/data/demo/sample_project/ana_kpi.hdbview,185,499d9dc2d6d24c53a600acfd5e7a2440b71dbcb332be72560dc26f16b547000f
LEAP/data/demo/sample_project/ax_kpi.dax,199,3a71b3efd71781473945c72cf9127423120db2ee362ccd05ebc0ade5674dc32c
LEAP/data/demo/sample_project/compliance_gdpr_proc.py,224,5f1c377a6db11fa0e42b69884a80e06d76f953da75eda5a2e6ea1beca8260ec4
LEAP/data/demo/sample_project/compliance_gdpr_proc_clean.py,341,bad07cd96148f01ccfb630aecb24a59202107b0935e20e9fed4c38556046c82c
LEAP/data/demo/sample_project/compliance_nca_aud.py,279,d0a89f2781acfa74f85afa247615d139af41a4842e1016eac523a9c931d3eddb
LEAP/data/demo/sample_project/compliance_nca_aud_clean.py,422,86a390babdfcc5a4aad6794671608ce6293345a1fa9a9609c6b1bb8edb005f58
LEAP/data/demo/sample_project/compliance_nca_sec.py,200,b2178d85297ea8afbae141ed70330be7f55d7c199076da54854d6652111aa7ae
LEAP/data/demo/sample_project/compliance_nca_sec_clean.py,163,db285e5f89e7869989d705d1b6a25a876f8efdec3a5029bfe437d622d58cceaf
LEAP/data/demo/sample_project/compliance_pdpl_pii.py,306,0870da79840e84e6e52bf92e2d94c346cdc3338321a8c846746da1a1f8efa2fc
LEAP/data/demo/sample_project/compliance_pdpl_pii_clean.py,238,16f2a0529c77ddb03f48bd9d8269033cf78ede9618a99f40c907221d6086a470
LEAP/data/demo/sample_project/compliance_soc2_lineage.py,211,3bc9c91390b7224c1a4c097888699cc3325be0adf6b21f9d50e4c447469190f1
LEAP/data/demo/sample_project/compliance_soc2_lineage_clean.py,268,066ab411640fc3a896940a9b8685b68c119e5f1cf4e4e3154d4645804a71e525
LEAP/data/demo/sample_project/conflict_domain_hse.sql,1111,7c58be427ca32aa6e730042d155168723c22c42ee26bf2e8db6e309aaa087f57
LEAP/data/demo/sample_project/conflict_formula_margin.py,675,78cfb5e20447f19d36c1b25adcdf3d5542edc09199194f97bddabb6963067ef1
LEAP/data/demo/sample_project/conflict_owner_hse.abap,944,9ba56f72dadcf858e4626530ac8a7e43304bd844dc672bc06fca641ee624eabe
LEAP/data/demo/sample_project/conflict_source_catalyst.sql,1281,031995b824931d85f9d67d62723b8af93228acef5fcb1e6a122bc746ee0bfe56
LEAP/data/demo/sample_project/conflict_threshold_vibration.py,1433,bca155b06c0b6a0ccae96e6364dd6ad86d3188926aa9233e41843469797a8297
LEAP/data/demo/sample_project/conflict_validation_compliance.sql,1135,a4cabec69468b74821a879115b9291b0a469c6276e223640962d353b6efee74a
LEAP/data/demo/sample_project/control_no_conflict_yield.py,1062,bcbe6f52920321e544374308ebcf180a12875b8752c2420c94aa036291195930
LEAP/data/demo/sample_project/csv_kpi.cs,216,68d02a048a7262329541b75b80ebc16efda26022595914fc4c030e111248308c
LEAP/data/demo/sample_project/dotnet_kpi.cs,296,104e1f197a60cf15aa0acab3bedd4720c884176bbccd48429d1565bf6cbe6734
LEAP/data/demo/sample_project/generic_kpi.txt,197,4bbf633b2708d258184f0dc3d4c4c313269b4b4f8be908141771e7088cd1d52a
LEAP/data/demo/sample_project/lc_kpi.st,285,b6db91126e699c4bef6315730d1cc213703966c97c192208af29b914b988f1c1
LEAP/data/demo/sample_project/plsql_kpi.pks,512,2399b535eb933c4f151d34d242683cc785fe2b5cffcbe28cb10addcd6f54553c
LEAP/data/demo/sample_project/python_kpi.py,425,8dc50ba59665e593b44cebc224a59aa5a7b76cf8771007b1e77769de501f17c5
LEAP/data/demo/sample_project/sql_kpi.sql,302,34d8250cb0d029ae417f5fa5a875428fde6eb821d7662b03ea29c7654e814637
LEAP/data/demo/sample_project/tsql_kpi.tsql,277,c8f7037b32ebaa85313e10b26cea97283b0278e068a0c82f6340f5b587f93c3e
LEAP/data/demo/sample_project/vb_kpi.vb,411,f8ac65932347f5f56e9b57113fb82c15e0c766047cdf7602dc8766194abd5521
LEAP/data/runtime/governance/governance_rules.json,3590,8950f5b747b037e0cadeaa879e6c9cd8d8c8c8a59591c9c46075955e45fb9ca5
LEAP/data/runtime/knowledge_base/KPI list.txt,1310,6d43115dc86d7d1fadf0352d2e5412ed5201a98f7934555adf0b0409247f2e8c
LEAP/data/runtime/knowledge_base/iso_framework.json,5423,669d9196fbcf1f83d1bd5550d05c95f7e920c1701ea3bc73d8ae000769dfc665
LEAP/data/runtime/knowledge_base/overrides.json,192,7fd6c4e1e466257811092373188672caac65d31a26fce70a0be8964c4d2f1a4a
LEAP/data/runtime/knowledge_base/petro_kpi_kb.json,6739,8e518728f27412c938930d532611cfccb95f9ebc7958b2d597c63b41242fef2e
LEAP/data/runtime/knowledge_base/petrochemical_kpi_kb2.json,97694,af38dd4864bf744757f0bc68053adf31df84f9b7e05259fa3947e2c023a3ba17
LEAP/data/runtime/overrides/governance_overrides.json,20,c5c74d8a1389f86f2d5bd36c06a54fb9987c41401ac932d8ccef9dca962003da
LEAP/data/validation/BestKPItest_iso_kpis/custom_kpi.sql,109,205c0586590426d21e124d2cf854c58c6eef6c640e05ae386c1411390466b22e
LEAP/data/validation/BestKPItest_iso_kpis/utilization_correct.sql,124,360150647d5b64b89922113971b0674c4964d0d4f984357beccb1b0e4685f97e
LEAP/data/validation/BestKPItest_iso_kpis/utilization_wrong.sql,147,86150fb2d94a5e603b47b5965bf20756ff82bc52b5901e5c2b16b1d8fc7d24f3
LEAP/data/validation/BestKPItest_iso_kpis/yield_correct.sql,110,aa99559ed4bb8b372a20ce2bedda26952e38d4e63ab3a9d06e677b427a6f3e1d
LEAP/data/validation/BestKPItest_iso_kpis/yield_wrong_operator.sql,107,32b6ba18c88e07676a84cef13cd0f97e355cee565a6297ff8aa0f8dec561fc9f
LEAP/data/validation/BestKPItest_iso_kpis/yield_wrong_variables.sql,101,106a9e9d95818a67fe39bba6d552dafbc3c2b624e60219373f020d9942747b6c
LEAP/data/validation/SQLKPI4sq.sql,121,2c4c4835250d68d28179c6f93ce1f8cc46ffe109cdc03e44c48627f28f74e8cf
LEAP/data/validation/generated_bluebook_validation_report.json,170,8bb30a27521e9546f5ec95108537e6b673dd3cdfc712cedc6a8c0a40ac2f3d6e
LEAP/data/validation/generated_bluebook_validation_report.md,124,714cebd7ac468bb7ebd31d4a8ec89935b4ac2c25fd41a42ecc2f582e8dcec14b
LEAP/data/validation/generated_scenario_kpis/01_clean_python_kpi.py,560,d0f581d7761eef86f42896c77f42e7f23abb6aa02b554847c22527050f07322c
LEAP/data/validation/generated_scenario_kpis/02_clean_sql_kpi.sql,468,e9a4e49b6d379eee7e027531f9ed3fae29472a4572bd4c98fff27719df46012d
LEAP/data/validation/generated_scenario_kpis/03_clean_abap_kpi.abap,549,c9b5a7f363322caa6bcbbe0cc3fe76e720b51a5bfdced05998c4d101876e9a21
LEAP/data/validation/generated_scenario_kpis/04_wrong_operator.sql,501,bbcab1f63f5972a1f7223664978f5e447ea6b45251bc6f2a8a3db22a1a43633c
LEAP/data/validation/generated_scenario_kpis/05_wrong_numerator.sql,497,3ec70c4dc609f93d78a28bdb622dd953af964ed8e479e0a7053b164190d99134
LEAP/data/validation/generated_scenario_kpis/06_wrong_denominator.sql,538,fbc33a8fd56b2a80a4f1bb2b1ce612e5a5bf28b357d39989713b0d01ff6faadd
LEAP/data/validation/generated_scenario_kpis/07_missing_formula_comment.sql,492,96dc52f084d8a910a7cf6fc9817358007605fe64699a1d5565638d69c4baffcf
LEAP/data/validation/generated_scenario_kpis/08_missing_implementation.py,450,f21ab6f3684c0cea7ca3fa04098cefa79d138a78efc1b9ac65207a0a9ba20ae0
LEAP/data/validation/generated_scenario_kpis/09_todo_kpi.py,471,c07bb90dba3ddf9280eaaddf145c21295e29fa30bc19c97f827b3d2a698542e1
LEAP/data/validation/generated_scenario_kpis/10_fixme_kpi.py,485,9197d312c1b25812e1999d33b473101e603a9d08acbebd77f33d630823dc1d13
LEAP/data/validation/generated_scenario_kpis/11_bug_kpi.py,474,ab65aacde318ce39968efe15fbe6c9fddfc03fd7fd3d212de44b603af3262327
LEAP/data/validation/generated_scenario_kpis/12_suspicious_fallback.py,470,b062f2ab9dcccaafa7942b3925a1d8c001e88495ec56c4ba6f1806ec3dbbcc45
LEAP/data/validation/generated_scenario_kpis/13_pdpl_pii_violation.py,536,9aab05fb2654515a8b6a8eb684ff344cdeed141e541e563495e2a2d686881858
LEAP/data/validation/generated_scenario_kpis/14_nca_restricted_exec.py,460,2917074411b291ae8bc9e7720b9f2762b34a465d474df2875118537e58f6bba9
LEAP/data/validation/generated_scenario_kpis/15_nca_audit_gap.py,523,06065c42b2187968125033a33c6f9acb58dd11e4973ec4f579a42b0f739396d7
LEAP/data/validation/generated_scenario_kpis/16_gdpr_data_export_violation.py,452,8f9bf3d3d151e46b82733425bbb52ffc0c5848c3e9f38ff310011ed2f7733ce9
LEAP/data/validation/generated_scenario_kpis/17_soc2_unsigned_lineage.py,428,cee3d788d4f066ceac303fbc540fd756ca94e546cf77d9c992bfd28fabc98881
LEAP/data/validation/generated_scenario_kpis/18_pdpl_clean_control.py,409,06e63a9bd90fa00dbecdfcd2d972d2015e89871e3d3145c18cea7d0193278635
LEAP/data/validation/generated_scenario_kpis/19_nca_restricted_clean_control.py,380,b5eeed4015f5ffd6f2e1bb7f24ac26741c0bffa61e81d5eb387826d2e7591f28
LEAP/data/validation/generated_scenario_kpis/20_audit_clean_control.py,583,d408bf85916f9973bb8578c27f36121fa910e1262900b31e3c4bd1e10692f3e8
LEAP/data/validation/generated_scenario_kpis/21_gdpr_clean_control.py,479,737999abe67808a1e98072cedc617dfe9bf06cd09822981bb9dfe91868d0a728
LEAP/data/validation/generated_scenario_kpis/22_soc2_clean_control.py,436,2ea51aaa27441481569adc43763c0c2c76863dd0fccaaaa143ac807f5263d327
LEAP/data/validation/generated_scenario_kpis/23_formula_conflict_and_todo.sql,569,5d729f1abacecb77c176e7e9d6774fdc678c218adf8512a0c870a792f6c1935a
LEAP/data/validation/generated_scenario_kpis/24_compliance_and_formula_conflict.sql,580,3eb03395a07148549b3cff33f0ec1ad327f3ceb655a6c2695b2bbbaa9d51cf9a
LEAP/data/validation/generated_scenario_kpis/25_compliance_alarm_only.py,441,0e492a7b92fe10074844f0a7a89e6fe262da2bb3885661cc9f94cb760ae17d7f
LEAP/data/validation/generated_scenario_kpis/26_technical_review_only.py,460,120e8dfe8e3edb4a3b6a4fb72c0b99272456ac4b911c71f13ccfed22bb75cc60
LEAP/data/validation/generated_scenario_kpis/27_owner_confirmation_required.py,446,14a34b89c493742f418fe83cb9d17ea275cd9553e01c66598e2c5dcb17fa80a8
LEAP/data/validation/generated_scenario_kpis/28_validated_clean.sql,471,b6ef2629958b28f0dc8e6064fb183ab1b5f343956887d8ad5d9c679b004068f6
LEAP/data/validation/generated_scenario_kpis/29_simple_ratio.sql,367,00520d7c15afae3917ab01dc4fece09928d2cfd5bbdb24bcbab4abdebeac3838
LEAP/data/validation/generated_scenario_kpis/30_percentage_ratio.sql,404,9448b01c5aeb2330b3e000f45a4556ce061d7190802106472708d50d6054615c
LEAP/data/validation/generated_scenario_kpis/31_multiplication_formula.sql,412,8428630ecef6721e28f14f7f6b477cee6a31b24fbe7d0c36ffcd2585768080b5
LEAP/data/validation/generated_scenario_kpis/32_subtraction_formula.sql,410,fa464a3335353f17e2a59dc85b7954190ed7c76348bd07bca5beca9afd91aff2
LEAP/data/validation/generated_scenario_kpis/33_nullif_denominator.sql,429,659f0639c1c0c5b17d84b6d097ac09f46141d04cc9ef7eb4e8b412807cfcd262
LEAP/data/validation/generated_scenario_kpis/34_case_sum_count.sql,568,a9102c60c375f44ad92dd82d2f361e3f39677217f90af0490d596539340a20d2
LEAP/data/validation/generated_scenario_kpis/35_explicit_latex.py,380,7724f1f81f16b82ae637c0c18804c72a92812568549f82231be24e18a467e2ec
LEAP/data/validation/generated_scenario_kpis/36_formula_with_underscores.sql,476,5744826d8e3122790fe7ee2032d0fe22e16f593d965e3634bd4e4c358cf52159
LEAP/data/validation/generated_scenario_kpis/37_formula_with_units.py,445,3f1575b4529eea8b3ee340dc49bb50f53d1f0463c58ec2a0dd0f451d6f8098fe
LEAP/data/validation/generated_scenario_kpis/38_greek_symbols.py,402,74f858196ad95c2c75884ac934f405ff3dc3b85f83f3780070d1bc551f5dec54
LEAP/data/validation/kpi_definitions.json,666,ab7bd5f1430754a94aa78c74e4f22bc8c582a0b55b572b35bbd59e53d80fa625
LEAP/data/validation/kpi_governance.json,1245,4c6dc76a1cfee314b77394f1280bbc412f352302ecf87422740ffd27dc8fe49d
LEAP/data/validation/kpi_logic.py,367,0f2e1e9189b8215682f308611d8e68d4d2aa5a824569a0d4d26fa8b1ac3dca46
LEAP/data/validation/kpi_queries.sql,692,921a536880414e2f356f03292cf7efa892b0113d4f44508298e3699c308858ac
LEAP/data/validation/phase3.py,229,d410bf1a786a465aa9a9fcde93f86ccb0254f1ba6fcd69492ec8ce769bbe05f4
LEAP/data/validation/sample_project_challenge_kpis/challenge_control_complex_but_valid.py,561,e84f40ad8d7bc31cde3d9d33d65e011b6dffaf5d51ffeeb44fa9e2ef2c65e7bf
LEAP/data/validation/sample_project_challenge_kpis/challenge_formula_text_vs_code_semantic.py,601,36def2cbe32844ffa7c29e10349191673b93df102bfcc8e11742b10d8f66e24f
LEAP/data/validation/sample_project_challenge_kpis/challenge_inverse_threshold_direction.sql,535,6293b28af3bfefc036aecc23d7933de1e2bc5337ef44426a6b04565a57d59c3d
LEAP/data/validation/sample_project_challenge_kpis/challenge_missing_formula_validated.sql,418,0c4e8f3ca5b5d1da0ae01053768166390a56f3cf5ec583e1cbe717337db43ad8
LEAP/data/validation/sample_project_challenge_kpis/challenge_nested_weighted_formula.py,632,5e6846b7fdb951e0461743b2f629a7cc8304607aadcbac89f019d50062f72a9b
LEAP/data/validation/sample_project_challenge_kpis/challenge_owner_domain_source_conflict.abap,509,d9cc906fd1e3a371f11479d024e706462560f55e86f24b1de3bdd63084a5673d
LEAP/data/validation/sample_project_challenge_kpis/challenge_time_window_mismatch.sql,485,711102f9d8df523d5972d455bd9dbe2f03239ef17b90ff389788d1b460764dbc
LEAP/data/validation/sample_project_challenge_kpis/challenge_unit_mismatch.py,450,c85d207eab6a4990cab7969c27145ddbc40771b5c9b7f1f4fa6f9b606671fc5a
LEAP/data/validation/test_iso_kpis/custom_kpi.sql,110,de33e3faf02c045ae3a4e34ecf6906df78b9d0f02afe017f0b4b0a3607917131
LEAP/data/validation/test_iso_kpis/utilization_correct.sql,132,987d5ae9280677b73ff795f9e976f05c4edfd39ac962fdd7415822cab5131fdc
LEAP/data/validation/test_iso_kpis/utilization_wrong.sql,156,1e3e8cbc3a11d84f8dd6c678d0f94e50d3ae59c438cdc9b5c2aca89e56571225
LEAP/data/validation/test_iso_kpis/yield_correct.sql,118,a825d794fcee70c2614e727dfe6cd45240a8ebec224f932606b814d745f1bee2
LEAP/data/validation/test_iso_kpis/yield_wrong_operator.sql,125,c064dec930594a0e5068c8b79920cba68632cd2f00d9084c32f58a6735015cab
LEAP/data/validation/test_iso_kpis/yield_wrong_variables.sql,120,8d3a55c4efc1a3f99b350542df72a293b588ad6b50642474c2f5af8b7745ccec
LEAP/data/validation/test_scenario_fixtures.py,10334,64a44430e41e8664912a38ab6fc9555b430a6716f6ccb21ef234a2765e9f69c5
LEAP/data/validation/verify_generated_bluebook.py,10465,eed965c734315f7b69b6a04af85bf5f89918e149d7323abac3036e0781d3b328
LEAP/data/validation/verify_scenario_rendered_alarms.py,5982,e202c91d5f8e40f895d93791bbb65e59a48839ba4499fcd50cafcaca8b99624a
LEAP/data/validation/wrngsql.sql,102,9a31bd391e8fc0d6d80aa38f43b86e334543c3aa884de21f236e5df107807492
LEAP/docs/_build/.buildinfo,231,5806fcc0f5171542e981775750de80aa0a7079508eefe14597c0f0bc7f4551b7
LEAP/docs/_build/_static/basic.css,14685,656ff1bacd6f260fc7d71b97f9c2f1fcbf692dc84bf469cd952034efcb9eefed
LEAP/docs/_build/_static/custom.css,338227,b678767ca4fb470692169c234b9c61af30546d62cba4f9b9d9f3af0a766a1c42
LEAP/docs/_build/_static/doctools.js,4322,2992c09df91826a8d33e3b48b645ee77e457adcf7c712d776a814e1e2c448b43
LEAP/docs/_build/_static/documentation_options.js,323,de67807817d57570f5b4a39e165f724903240d430e1bd8c52598f433dff81566
LEAP/docs/_build/_static/file.png,286,5c4bc9a16aebf38c4b950f59b8e501ca36495328cb9eb622218bce9064a35e3e
LEAP/docs/_build/_static/language_data.js,4598,3bc311563b7fc5e80fcab2f8629774bf3cb6b30202000df36dff8e695a9023b7
LEAP/docs/_build/_static/leap/ECDS_TOKENS.css,2717,237c6f5513252383ffcbd47aee0e5ce8018b4ba11373960beb9e4358dcc4446e
LEAP/docs/_build/_static/leap/integration-icons/DAX.svg,119008,41aca4531e9b64f76cf0d13a60bf89661936812757e5ee446fa7387d6c91a407
LEAP/docs/_build/_static/leap/integration-icons/abap.svg,309,e2f8b0899fd94ff05ea96f78874da41cc7154c0a305dcb6379151a113acba431
LEAP/docs/_build/_static/leap/integration-icons/aws.svg,3743,5b4d8371d79a5c0d3a27ea4e929f772e68d47f7d267496bf9211d5f60fcf8084
LEAP/docs/_build/_static/leap/integration-icons/azuredevops.svg,726,49122a38457209cda2d22a1e3af1b4ff159b67714d4e7b43899544555ee2823c
LEAP/docs/_build/_static/leap/integration-icons/bitbucket.svg,737,6d3b83235eea8714cad68a187ff7b0960edb3a70f161dc5b0f273376fe45c04c
LEAP/docs/_build/_static/leap/integration-icons/confluence.svg,1483,0eb010ed1897a90b29aa1d383e8e4a5c5aaa92bbc4814e1fd7466ea7353756f8
LEAP/docs/_build/_static/leap/integration-icons/csharp.svg,851,7093478d0888e22a224b6fa832da6c9ffd14c433de8bd14aab0c1cb50925f3ee
LEAP/docs/_build/_static/leap/integration-icons/csv.svg,1691,fc00511d512b0515edc29ee3c313fdd74b7415be52e97fca4a6575f970376a00
LEAP/docs/_build/_static/leap/integration-icons/databricks.svg,422,454aa3efdb318c655e3da2ea844e3577a9c47a20e24d20fff6489362176e5fe4
LEAP/docs/_build/_static/leap/integration-icons/dynamics-365.svg,16285,0c48e560c6346d104c5f0617c3e0c4f5c6e757145486102ab129094258f9e1de
LEAP/docs/_build/_static/leap/integration-icons/gitlab.svg,573,c7c39058bd1b6f9f40334383bd5136bb8c5ba5e6a24200f2d1f18365e2526e28
LEAP/docs/_build/_static/leap/integration-icons/hana.svg,309,10d9c8b17ea9c52bffb9e5de0f536d55f623b1cb390dd4ba1f964d643462c993
LEAP/docs/_build/_static/leap/integration-icons/iec-st.svg,307,f821df404210a45da20e090a11750780d57df8d09dc3607e3bd606de5b3f10b1
LEAP/docs/_build/_static/leap/integration-icons/jenkins.svg,15407,917c7525a9d6c544f4b5d1d4318778e2dee5ef2d47be075ee494613cb10d2a4e
LEAP/docs/_build/_static/leap/integration-icons/jira.svg,1092,e5010dd0056d130e32fa3d0dc589aa1288370b525b4123658ea6eb90f53ca1db
LEAP/docs/_build/_static/leap/integration-icons/microsoft-teams.svg,606,98ba8c8b1721945d2b097c4ad945c99863e2cd099ace28c33e0b4e0a90c765ed
LEAP/docs/_build/_static/leap/integration-icons/microsoft.svg,4085,09eed621ee281e2d4a52a5bfec8c681e840f57daacdd15547fb403abe9bae4ed
LEAP/docs/_build/_static/leap/integration-icons/microsoftsqlserver.svg,12102,f52b63cb5ff8c17efc079ae93eb7e2f1a04ca34eb736310c3576b19c0b9db21d
LEAP/docs/_build/_static/leap/integration-icons/oracle.svg,1244,6afd3872d2ecb9a619fc10048b6a18bc3b948dfd7c97d1a694af26c6a7153cbf
LEAP/docs/_build/_static/leap/integration-icons/postgresql.svg,7147,14dfe469396ebc6af1f8884be32df70e22c611564037270d7361080e9ada656e
LEAP/docs/_build/_static/leap/integration-icons/power-bi.svg,2759,394ef1981f7ce5a0dee63ce026013d431df8c807c8aba090b6c850aa4570eac4
LEAP/docs/_build/_static/leap/integration-icons/python.svg,1518,ad9468e1c4903f73ae7eebfbe980f0f727a10db695be3d914e7d8bd25356a862
LEAP/docs/_build/_static/leap/integration-icons/salesforce.svg,5785,bf8de61a70a6967bf12b2f37aeb57a86893e930a0d1ffe86e35a5a3b3fd4f2f4
LEAP/docs/_build/_static/leap/integration-icons/sap.svg,1027,79127bd0cdb41e5940ddbe895da58c4fe1fb6a912a7178f4bb4e108fb39c8758
LEAP/docs/_build/_static/leap/integration-icons/servicenow.svg,307,b4c4f4e9bbb392bdce1067e799e356260a4de731fd5106a2043451f25acfdb7d
LEAP/docs/_build/_static/leap/integration-icons/slack.svg,1248,5ff275ef6df5aca7ac8ed3cf95d003015b4b153f99c570bdcaf9d1674bd6aa5c
LEAP/docs/_build/_static/leap/integration-icons/sqldeveloper.svg,1496,de1590bf294120a335790816526a740c6922b457d15a00ca4389803f86ae12d1
LEAP/docs/_build/_static/leap/integration-icons/tableau.svg,7696,89144a49d1e83edb2098279acb44aa682ce1189759f5010a9906147ddbf9c05b
LEAP/docs/_build/_static/leap/integration-icons/visualbasic.svg,1024,880b15b860abfa2ad270b8cf7ea42895399340bbbd0e6ac16210490c8f1055a8
LEAP/docs/_build/_static/leap/integration-icons/workday.svg,4165,5ff0e302c4b4879a04598bc41b49e3075e6a4abfc4b33d554b78c605130c0f9f
LEAP/docs/_build/_static/leap-axis-logo.svg,671,e9a71e3a5ac060bffd973fbfb433091e1be917c98ee977f65c6a97744c8b6d06
LEAP/docs/_build/_static/leap-icon-governance-layer.svg,281,659dc0ce5938f5e35364804ee5ea67b7be2a538783ce0a1962e47850338fae6f
LEAP/docs/_build/_static/leap-icon-kpi-count.svg,224,c64b91715f1c7883c771486804427bc9b2fcc3cfc1fa89c8718a652df4a38f34
LEAP/docs/_build/_static/leap-icon-system-mode.svg,866,5105b0ede46ac9f8dda3092e3f43f2bcebb970ea5a924a40d124ca7e85fbcadb
LEAP/docs/_build/_static/leap-logo-executable-blueprint.svg,582,7e19676acbd16e726265598efc7d0a59152b0eda00b1f07195bb869bdc6850e0
LEAP/docs/_build/_static/leap-logo-traceability-compass.svg,778,1f19b2231dfd74a5cd0887f3079aed826fb57604f945238acbe111292d79a6f8
LEAP/docs/_build/_static/minus.png,90,47e7fc50db3699f1ca41ce9a2ffa202c00c5d1d5180c55f62ba859b1bd6cc008
LEAP/docs/_build/_static/plus.png,90,54115199b96a130cba02147c47c0deb43dcc9b9f08b5162bba8642b34980ac63
LEAP/docs/_build/_static/pygments.css,533,2ffd83f343f76ded65a0d16657d4d2f2075f6b8da42b76bad0b6cd2061a9d977
LEAP/docs/_build/_static/searchtools.js,21782,371b49c7f094b525244e2a59d7809a6b946fc1c8791201d10dda1dd191133bb7
LEAP/docs/_build/_static/sphinx_highlight.js,5123,096231e9c87df80ec3273da9c5b71bc81503206726a07a4dd4de44c256ff859c
LEAP/docs/_build/_static/walkthrough-axis-icon.svg,457,0fa12bf50c2a276a0235791062b68786e5d556fab8724ac85229ea17f933af84
LEAP/docs/_build/audit_trail_completeness.html,47726,8b05271e4b95aa9e5e0e70ab25e8dfa16a2682ddecd71fecf3197a64d3acce18
LEAP/docs/_build/catalyst_replacement_frequency.html,53342,ca210f875cff358b380538a50684ed52e73e0145dd2c9344a3ee1af00c63a41d
LEAP/docs/_build/compressor_vibration_index.html,52546,39d5421cf0b25eb169d69cfa6d79a4f48038630d464a8cab54fdfed02f3b453d
LEAP/docs/_build/cooling_water_deltat_c.html,49725,45ab9e060c1f98b3f9b244264e94e4a8bd7504aee6cba8ff0b14e02c31890b9d
LEAP/docs/_build/customer_activity_index.html,48279,960aabdfbc41d3e1a69c073537484e504dda9da05a694b933b29267d306ae0a5
LEAP/docs/_build/daily_feedstock_throughput_tonsday.html,46527,d145abe1e3c3cd42823c1ae2ba5dd4aabc1a4edb6e154b52321f507041b95f21
LEAP/docs/_build/discovery_report.html,37801,d1e85198cc6a28b870076a2e3c78591a48447fff7954cf62edbe9f40254c0950
LEAP/docs/_build/ethylene_production_yield.html,46647,0a217434501cbc54b35da7b46d8306ff3f472b5d7258da9471c5c36b14ae1f55
LEAP/docs/_build/eu_data_export_volume.html,47822,c1e5f9075567a0215489b100bdef6c24307a9dc2d3294fa3cc73f52f834d7be6
LEAP/docs/_build/extraction_review.html,11010,1c2c3bf1c61430c239cadcc487e15f7dff3c3d380001fbc20452574007d41619
LEAP/docs/_build/flare_emission_recovery_rate.html,54265,57980646b9d32e361ae576683a96a81bb0871546621c77ef1dbd9af9bfa6cafa
LEAP/docs/_build/genindex.html,14511,155fcb9e3d7190cfcd3b0575baff42313a6256fd3c171a02aaad231e29a69b1e
LEAP/docs/_build/governed_eu_data_export.html,44457,eb39e7c90b797c9b840ed96263ade1bb94e311ae66c3e9200445b96b1fd80f3f
LEAP/docs/_build/governed_inventory_modification.html,46476,27ac39cd8f54e5047dbceb3394045e399d93f523469b2c3bcde04d7b01e6735b
LEAP/docs/_build/gross_margin_percentage.html,50195,83b4dcc240818a783156c38bb3cc7572ad2a2796a2a5c2fe8b69115b9d0cd479
LEAP/docs/_build/hse_safety_incident_rate.html,53174,d126416b6a3137226560259c1b645f814ce373fdc544e339a1f1809604645a21
LEAP/docs/_build/index.html,21291,b39bc65038d908589051dcc0441f2c5dfb91e222d3bc27a9018ff77cdc9992e3
LEAP/docs/_build/inventory_modification_gap.html,48305,18879b0c6374d1bfbb148c10fe5a0ba713ace5e06b305cf335b976f16c4d1ee7
LEAP/docs/_build/kpi_flare_recovery_pct.html,50902,95ab11bf2298b4ac34e40a87a45e101b4f5e69cfb3f9dba3e06c1b20aae1474c
LEAP/docs/_build/maintenance_to_operating_cost_ratio.html,48259,bff0b423684c938fa05b3830458de806c86d1e21e0a4d1cbf6b09fcfe88b05ea
LEAP/docs/_build/masked_customer_activity_index.html,47141,dd107df81d997ce46d225a0501f213fcbd162cd61ec919d1994864aa8ccf032e
LEAP/docs/_build/mean_time_between_failures_mtbf.html,48509,089e6462e7e88099f27ba96aeadd20770145a95f4d846f4918b4cff922f108dd
LEAP/docs/_build/objects.inv,1163,a88973c9093b9486af8e685fc51403541c7818eca37d7eaac0fffa867b0d691a
LEAP/docs/_build/oee.html,49939,8cea3a5a503613c47e0a6c0da09297af6192444c8bcf333346d29a383b495d55
LEAP/docs/_build/onspec_rate.html,47548,abd1f7cfc97aafc00eb4ee1c26edc62c43a6cc168a9369f4d8f400e924023041
LEAP/docs/_build/polymer_melt_flow_index_mfi_variance.html,52322,8acd1aa1f7c1950aefd36eda33b5e733c8c05419c087b47377f7cd382720ae72
LEAP/docs/_build/procurement_contract_compliance_rate.html,52810,0f859ca4cb059ea8a308fda970873252692d58a401b2820d8ce28f1912775174
LEAP/docs/_build/propylene_to_ethylene_pe_ratio.html,50405,9d80613f4bdf8d3dbb97384b0050997c22628442e9338a0264c94de4e87dc07c
LEAP/docs/_build/raci_directory.html,38732,57716fe304267f5c33244c38a8d15ade52b4fcfaa3a4b30045cbccdc31fcbaad
LEAP/docs/_build/runtime_execution_latency.html,48103,a7a3ecf226684d3b323ca8f37904a59745074bcc55444940e89eafbbb9df1869
LEAP/docs/_build/safe_execution_latency.html,46306,42ec45c20621919e0fe0e829e1eddc2f9e0faedd06cb9951ad8ac9e37b4257f5
LEAP/docs/_build/search.html,14584,525d6af3dcf61985d19d55f04656a0dee9506a4cd20e5adb7bdd0a175a4d93b6
LEAP/docs/_build/searchindex.js,45689,6d80711c108aa9784c92b8cd0dddca54c84a5f02324ea47c307684a161bc1d8a
LEAP/docs/_build/signed_lineage_audit_trail.html,43829,9fd5e4462364502f161d72a00ad396568c0f5c8eaf26025ba76901f7f9eca463
LEAP/docs/_build/specific_catalyst_cost_ton.html,46071,751da895b4afe1ba9bc42915505921f55c47b58fcc065b3c129832d35a404c7e
LEAP/docs/_build/yield_percentage.html,49083,8227630320c462d8f9f48f05b4cf75422e194acfa27c32070d73f82b2bba8382
LEAP/docs/_static/basic.css,14685,656ff1bacd6f260fc7d71b97f9c2f1fcbf692dc84bf469cd952034efcb9eefed
LEAP/docs/_static/custom.css,338227,b678767ca4fb470692169c234b9c61af30546d62cba4f9b9d9f3af0a766a1c42
LEAP/docs/_static/doctools.js,4322,2992c09df91826a8d33e3b48b645ee77e457adcf7c712d776a814e1e2c448b43
LEAP/docs/_static/documentation_options.js,323,de67807817d57570f5b4a39e165f724903240d430e1bd8c52598f433dff81566
LEAP/docs/_static/file.png,286,5c4bc9a16aebf38c4b950f59b8e501ca36495328cb9eb622218bce9064a35e3e
LEAP/docs/_static/language_data.js,4598,3bc311563b7fc5e80fcab2f8629774bf3cb6b30202000df36dff8e695a9023b7
LEAP/docs/_static/leap/ECDS_TOKENS.css,2717,237c6f5513252383ffcbd47aee0e5ce8018b4ba11373960beb9e4358dcc4446e
LEAP/docs/_static/leap/integration-icons/DAX.svg,119008,41aca4531e9b64f76cf0d13a60bf89661936812757e5ee446fa7387d6c91a407
LEAP/docs/_static/leap/integration-icons/abap.svg,309,e2f8b0899fd94ff05ea96f78874da41cc7154c0a305dcb6379151a113acba431
LEAP/docs/_static/leap/integration-icons/aws.svg,3743,5b4d8371d79a5c0d3a27ea4e929f772e68d47f7d267496bf9211d5f60fcf8084
LEAP/docs/_static/leap/integration-icons/azuredevops.svg,726,49122a38457209cda2d22a1e3af1b4ff159b67714d4e7b43899544555ee2823c
LEAP/docs/_static/leap/integration-icons/bitbucket.svg,737,6d3b83235eea8714cad68a187ff7b0960edb3a70f161dc5b0f273376fe45c04c
LEAP/docs/_static/leap/integration-icons/confluence.svg,1483,0eb010ed1897a90b29aa1d383e8e4a5c5aaa92bbc4814e1fd7466ea7353756f8
LEAP/docs/_static/leap/integration-icons/csharp.svg,851,7093478d0888e22a224b6fa832da6c9ffd14c433de8bd14aab0c1cb50925f3ee
LEAP/docs/_static/leap/integration-icons/csv.svg,1691,fc00511d512b0515edc29ee3c313fdd74b7415be52e97fca4a6575f970376a00
LEAP/docs/_static/leap/integration-icons/databricks.svg,422,454aa3efdb318c655e3da2ea844e3577a9c47a20e24d20fff6489362176e5fe4
LEAP/docs/_static/leap/integration-icons/dynamics-365.svg,16285,0c48e560c6346d104c5f0617c3e0c4f5c6e757145486102ab129094258f9e1de
LEAP/docs/_static/leap/integration-icons/gitlab.svg,573,c7c39058bd1b6f9f40334383bd5136bb8c5ba5e6a24200f2d1f18365e2526e28
LEAP/docs/_static/leap/integration-icons/hana.svg,309,10d9c8b17ea9c52bffb9e5de0f536d55f623b1cb390dd4ba1f964d643462c993
LEAP/docs/_static/leap/integration-icons/iec-st.svg,307,f821df404210a45da20e090a11750780d57df8d09dc3607e3bd606de5b3f10b1
LEAP/docs/_static/leap/integration-icons/jenkins.svg,15407,917c7525a9d6c544f4b5d1d4318778e2dee5ef2d47be075ee494613cb10d2a4e
LEAP/docs/_static/leap/integration-icons/jira.svg,1092,e5010dd0056d130e32fa3d0dc589aa1288370b525b4123658ea6eb90f53ca1db
LEAP/docs/_static/leap/integration-icons/microsoft-teams.svg,606,98ba8c8b1721945d2b097c4ad945c99863e2cd099ace28c33e0b4e0a90c765ed
LEAP/docs/_static/leap/integration-icons/microsoft.svg,4085,09eed621ee281e2d4a52a5bfec8c681e840f57daacdd15547fb403abe9bae4ed
LEAP/docs/_static/leap/integration-icons/microsoftsqlserver.svg,12102,f52b63cb5ff8c17efc079ae93eb7e2f1a04ca34eb736310c3576b19c0b9db21d
LEAP/docs/_static/leap/integration-icons/oracle.svg,1244,6afd3872d2ecb9a619fc10048b6a18bc3b948dfd7c97d1a694af26c6a7153cbf
LEAP/docs/_static/leap/integration-icons/postgresql.svg,7147,14dfe469396ebc6af1f8884be32df70e22c611564037270d7361080e9ada656e
LEAP/docs/_static/leap/integration-icons/power-bi.svg,2759,394ef1981f7ce5a0dee63ce026013d431df8c807c8aba090b6c850aa4570eac4
LEAP/docs/_static/leap/integration-icons/python.svg,1518,ad9468e1c4903f73ae7eebfbe980f0f727a10db695be3d914e7d8bd25356a862
LEAP/docs/_static/leap/integration-icons/salesforce.svg,5785,bf8de61a70a6967bf12b2f37aeb57a86893e930a0d1ffe86e35a5a3b3fd4f2f4
LEAP/docs/_static/leap/integration-icons/sap.svg,1027,79127bd0cdb41e5940ddbe895da58c4fe1fb6a912a7178f4bb4e108fb39c8758
LEAP/docs/_static/leap/integration-icons/servicenow.svg,307,b4c4f4e9bbb392bdce1067e799e356260a4de731fd5106a2043451f25acfdb7d
LEAP/docs/_static/leap/integration-icons/slack.svg,1248,5ff275ef6df5aca7ac8ed3cf95d003015b4b153f99c570bdcaf9d1674bd6aa5c
LEAP/docs/_static/leap/integration-icons/sqldeveloper.svg,1496,de1590bf294120a335790816526a740c6922b457d15a00ca4389803f86ae12d1
LEAP/docs/_static/leap/integration-icons/tableau.svg,7696,89144a49d1e83edb2098279acb44aa682ce1189759f5010a9906147ddbf9c05b
LEAP/docs/_static/leap/integration-icons/visualbasic.svg,1024,880b15b860abfa2ad270b8cf7ea42895399340bbbd0e6ac16210490c8f1055a8
LEAP/docs/_static/leap/integration-icons/workday.svg,4165,5ff0e302c4b4879a04598bc41b49e3075e6a4abfc4b33d554b78c605130c0f9f
LEAP/docs/_static/leap-axis-logo.svg,671,e9a71e3a5ac060bffd973fbfb433091e1be917c98ee977f65c6a97744c8b6d06
LEAP/docs/_static/leap-icon-governance-layer.svg,281,659dc0ce5938f5e35364804ee5ea67b7be2a538783ce0a1962e47850338fae6f
LEAP/docs/_static/leap-icon-kpi-count.svg,224,c64b91715f1c7883c771486804427bc9b2fcc3cfc1fa89c8718a652df4a38f34
LEAP/docs/_static/leap-icon-system-mode.svg,866,5105b0ede46ac9f8dda3092e3f43f2bcebb970ea5a924a40d124ca7e85fbcadb
LEAP/docs/_static/leap-logo-executable-blueprint.svg,582,7e19676acbd16e726265598efc7d0a59152b0eda00b1f07195bb869bdc6850e0
LEAP/docs/_static/leap-logo-traceability-compass.svg,778,1f19b2231dfd74a5cd0887f3079aed826fb57604f945238acbe111292d79a6f8
LEAP/docs/_static/minus.png,90,47e7fc50db3699f1ca41ce9a2ffa202c00c5d1d5180c55f62ba859b1bd6cc008
LEAP/docs/_static/plus.png,90,54115199b96a130cba02147c47c0deb43dcc9b9f08b5162bba8642b34980ac63
LEAP/docs/_static/pygments.css,533,2ffd83f343f76ded65a0d16657d4d2f2075f6b8da42b76bad0b6cd2061a9d977
LEAP/docs/_static/searchtools.js,21782,371b49c7f094b525244e2a59d7809a6b946fc1c8791201d10dda1dd191133bb7
LEAP/docs/_static/sphinx_highlight.js,5123,096231e9c87df80ec3273da9c5b71bc81503206726a07a4dd4de44c256ff859c
LEAP/docs/_static/walkthrough-axis-icon.svg,457,0fa12bf50c2a276a0235791062b68786e5d556fab8724ac85229ea17f933af84
LEAP/docs/_templates/footer.html,651,b00dbd5ffb688bb5fc23ef9f81149a83fec3b0336a213f7131d89f4f87e913ea
LEAP/docs/_templates/footer_partial.html,554,b8f569db6f8127133874f3fc97ff717b3d23bdbec921d7067c0469b1ebeef875
LEAP/docs/_templates/layout.html,22107,51bcd6efef45f1bf458ab46ea45484f355cdb15d8637e742813da53f77ba62f6
LEAP/docs/audit_trail_completeness.rst,43882,5042236336ec7a48ffc5a7670a061e22630e2a46f15dbf1c53e20cfd4aee86e7
LEAP/docs/catalyst_replacement_frequency.rst,49525,515259518e807742c09d483a4072ea3ddecea656636da09ba7f5fa5c81007195
LEAP/docs/compressor_vibration_index.rst,48758,c48070f125e23c299470ac011de7f7c8ff002923dddb8213eb30b944d6340c2b
LEAP/docs/conf.py,3215,6ca8d6eda95eaaa8d1b7658ce4cf958a2efaa7c89e07b746d53cff35ccd5938f
LEAP/docs/cooling_water_deltat_c.rst,45884,ed2399bacba83e57b6ba866de3845d4c39b3738650eced39b022f20ad05b1e85
LEAP/docs/customer_activity_index.rst,44395,caa4b92a8a186bdc581b260291688cdea9574b432f04a43ecdb77e370fb3ef4a
LEAP/docs/daily_feedstock_throughput_tonsday.rst,42494,5da8fe590964f87b849db70be01d67a9ac847d39809f7601635fa093d0e5df97
LEAP/docs/discovery_report.rst,24627,f97735a444b0c9b0504b5226b5737b4f9fe5763b58fdf46b6c674ae2fd8bbb58
LEAP/docs/ethylene_production_yield.rst,42759,c92d2da947f8e888c9cc6e6196c2b12f2ffd12a962c2031e3325924c6d7f78e6
LEAP/docs/eu_data_export_volume.rst,43984,284d136d4b06845fc6b0399fa3e60a20984aed944679ee3b08059815b91174e0
LEAP/docs/extraction_review.rst,5852,eee67877e70b7dd41827cf039b1d3a5a47ea24b1c9d7779aea773ac9891e937d
LEAP/docs/flare_emission_recovery_rate.rst,50536,cff400d936d0391cff93b0c9d00f8231eaa9f41bedba037428d071c16cdba59a
LEAP/docs/governance_conflict_test_diagnosis.md,6859,cafa079e9e04b1463dc6ca6c23c4f77177e823c412c7bf881bcf4eba9f038ca3
LEAP/docs/governed_eu_data_export.rst,40489,6670ac8ee10cfce998044ed611a58fd7d84a0479d17941b9bfb3e40629f5a18f
LEAP/docs/governed_inventory_modification.rst,42450,00e8375f58e567669de5d9411799acd8125c8aa77e28d5853d3192b2e2be2b12
LEAP/docs/gross_margin_percentage.rst,46518,cf661e952ae6bd28f1b80d48349a4403edff84fc153415c3d55a4ffbfa0b75e3
LEAP/docs/hse_safety_incident_rate.rst,49411,6335aebe6786f4732b904d588d4ae376cc4c1a4289f131c7c6f0a9aeb0f38512
LEAP/docs/index.rst,9275,809504e3adb8a92a0c0e1050c4e798df8ec6ee6ac3fc55a216cbe3141c7faae9
LEAP/docs/inventory_modification_gap.rst,44457,c009544c52c83913cc5486e078fee00d9ea9ce12b8cfe89eb44ff571996cc382
LEAP/docs/kpi_flare_recovery_pct.rst,47123,b76dded735161de0a2fde378b1a27e99269cb1d92ad25ccc8b4b04b5049324e2
LEAP/docs/maintenance_to_operating_cost_ratio.rst,44477,1381238eb4013f8589ee417ae915eca817ad85b57c5e2327795ecf462d29d505
LEAP/docs/masked_customer_activity_index.rst,43243,6b793bc9155feba4a03c7a565fb72219f61c7d6d2d273c301816390060030b4d
LEAP/docs/mean_time_between_failures_mtbf.rst,44567,65cc5f7395ad4537fecae0cb74d8639f8414186b1f545ebdb6d5b3c4b0d22b9f
LEAP/docs/oee.rst,46253,eb0e70b2eed69372f4d7cc06e5e1c02a67c247ebdc50256720c8ed3a6c9305ad
LEAP/docs/onspec_rate.rst,43771,72f5a18906a8e547aa3653745778dcbfd80561f10a29260625814904a62f440a
LEAP/docs/polymer_melt_flow_index_mfi_variance.rst,48475,03f109e8940d8d20e1e77c55d5d4b5266998747664535917a9e478a5e9c6ac86
LEAP/docs/procurement_contract_compliance_rate.rst,48984,11e04659080eec3eb25601fca15a78d849c52beaa3ff0d3f7b3983b228bcbfe1
LEAP/docs/propylene_to_ethylene_pe_ratio.rst,46548,746633b8f3b290d6a7f574858ff8fca6ac2568f111a3d3145dae1a6d9a136d9a
LEAP/docs/raci_directory.rst,25768,46daec10476b4f4116f8536dd42ffbe11ec0569d6d668e2f4b833ec054540926
LEAP/docs/runtime_execution_latency.rst,44257,6c37e8b10869d489c1450628c22859ada4c0932b20fdd07d05acdb729fffa302
LEAP/docs/safe_execution_latency.rst,42424,b3f4b9750e9451cd9e09f0e215a68c3d553d0fb033569a22dd8589466ed39213
LEAP/docs/signed_lineage_audit_trail.rst,39855,3c134f699914d0bfc314f449b2193e14c58d298007044fceec3bf058ae9c41a6
LEAP/docs/specific_catalyst_cost_ton.rst,42181,6e92352e260e50c333adcdd9bf75db6e9a72e3684fab43f3b61862873b18f8ce
LEAP/docs/ui_design_system.md,8645,3b20fe89d54582a2f4b971eba3124dd7a6cde32f595fa97f283c64b98455f8e1
LEAP/docs/ui_governance.md,10714,684b2461a5038623a1b221d60ccd1db808c8fe19ccfdbae58df95077122e1af6
LEAP/docs/ui_regression_policy.md,7292,0ef2081244338dfe071b0effe53d3ad7a15e3b79429c46d0a47d83b82fcb18be
LEAP/docs/yield_percentage.rst,45213,c0ea2625dfa6b13ef66650e48e1b4cefd362f5ab7930f38d3657fc9d7f009070
LEAP/governance_patch.py,35404,4aaf73fd7082cf62e753a4aedc2a0db8df523d875f7b28f0d1fbeda1cef9ff03
LEAP/pyproject.toml,920,5bb3865e8b7ab6ec0773b4215cb684fe8cdd1589e7822c179bf4af4c51e35472
LEAP/requirements.txt,289,8fa6426f95043b6f8124066f280de1807d063dcaef4e1affb40aaea12299e77b
LEAP/run_generation.py,825,a366db61e783f3e212aec9175ac08eb4fd489aca6dcbce0dc10bc89855a1a203
LEAP/setup.cfg,197,2eaeebfb99cbee03be32fb6e2622014bc19de57deeff7ad9b4c3a8550033ddb5
LEAP/templates/bluebook_template.tex,2625,d98423c177e9f95295b793127c798f5796e00c370450a6ed4cd67abcdda5c861
LEAP/templates/edit.html,17392,80d7babe117da16cd713238e11c0a1c2adc8c1b59537979ddec16b056cc2d8ea
LEAP/templates/index.html,34430,38fc7b17c6b3acc13adbb7453691832a033c7de60e7143f0bc0fe6acf18c5225
LEAP/templates/kpi_template.rst.j2,43978,668d1cb74057a9c52fe60525b8cfe531abbdc15529ca707830e9969e6981f5ae
LEAP/test_app.py,14877,dc520e9285590e16f3ab6a4d182379a382bf0621c8cc549e762a0fa2d7b29e93
