Matrix_ID,Manuscript_Topic,Current_Baseline_Claim,Authority,Status,Submission_Disposition,Required_Action
M-001,Architecture,Deterministic extraction and governance operate without optional AI,current_architecture.md; QA-002,SUPPORTED,KEEP,Rewrite using frozen-snapshot terminology and cite QA-002
M-002,RR-004 runtime,Four deterministic runs each extracted 62 KPIs from 65 selected files and 527 analyzed lines,RR-004,SUPPORTED,KEEP,Report as historical deterministic runs without worker wording
M-003,RR-004 timing,Wall time ranged from 0.93 to 1.16 seconds,RR-004; RR-005,SUPPORTED_WITH_LIMITATION,KEEP_QUALIFIED,State incomplete hardware and warm-up metadata
M-004,RR-006 scale,"4488 workspace items; 4084 files; 454 eligible files; 195 implementation files; 4539 implementation lines; 148 dossiers; 88.3% internal evidence score; 2.73 seconds",RR-006,QUALIFIED,KEEP_QUALIFIED,Add explicit claim-register row and keep separate from RR-004
M-005,Frozen software verification,19 pytest checks and 38 controlled scenarios passed,QA-002; QA-003,SUPPORTED,KEEP,Use the QA-003 frozen-snapshot results and archive exact command output
M-006,Historical test inventory,19 application tests and 38 controlled scenarios passed,current_tests.md; current_tests.csv,SUPPORTED_HISTORICAL,KEEP_ONLY_IF_NEEDED,Label as archived 2026-07-14 inventory and do not merge with QA-002
M-007,Bounded compliance scenarios,Five deterministic scenarios cover KSA PDPL KSA NCA ECC GDPR and SOC 2 mappings,current_tests.md; QA-002,SUPPORTED,KEEP_QUALIFIED,Use rule-mapped scenario wording only
M-008,ISO 22400,Two narrow ISO 22400 templates are evaluated by the submitted frozen artifact,QA-003; ISO_22400_TRACEABILITY.csv,SUPPORTED,KEEP_QUALIFIED,State two-template deterministic coverage only and avoid certification or exhaustive-coverage wording
M-009,MATE implementation,MATE is an implemented mathematical annotation and tagging component,QA-003; 07_MATE_IMPLEMENTATION_MAP.csv,SUPPORTED,KEEP,Describe verified deterministic implementation without claiming formula accuracy
M-010,Pre-LEAP survey,Recovered aggregate baseline contains N=47 mixed-role responses,SUR-001,QUALIFIED,KEEP_QUALIFIED,Correct daily weekly labels and avoid respondent-level inference
M-011,Meeting duration,Observed means declined from 60.0 minutes baseline to 34.1 minutes in Phase 4,PIL-001,SUPPORTED_DESCRIPTIVE,KEEP_QUALIFIED,Use descriptive non-causal wording
M-012,Historical manual versus AI values,Historical summary reports approximately 6.5 hours versus approximately 1 minute per KPI,BEN-004,HISTORICAL_SUMMARY,OPTIONAL,Label explicitly as historical and independently unverified
M-013,Extraction accuracy,Precision recall and F1 ranges are established,C-006,UNSUPPORTED,REMOVE,Delete abstract results table discussion conclusion and highlight claims
M-014,Ablation,Hybrid improves F1 by 10 to 19 percentage points,C-006,UNSUPPORTED,REMOVE,Delete ablation study result and associated RQ
M-015,Formula accuracy,Formula generation accuracy is measured,C-007,UNSUPPORTED,REMOVE,Describe deterministic reconstruction without accuracy percentage
M-016,Expert study,"N=8 p-values alpha ICC effect sizes and 2.9 to 4.6 improvement",C-018,UNSUPPORTED,REMOVE,Delete expert-study method results discussion and conclusions
M-017,Controlled pilot,N=20 controlled pilot establishes treatment effects,No authoritative record,UNSUPPORTED,REMOVE,Replace with PIL-001 observational meeting-duration record if used
M-018,Usability percentage,68.3% rated interface easy or very easy,C-012,UNSUPPORTED,REMOVE,Do not calculate without scale anchors and source counts
M-019,Alarm performance,Detection rate false-positive rate detection time and fault count are measured,No authoritative record,UNSUPPORTED,REMOVE,Report only passed deterministic scenarios
M-020,Bluebook completeness,Completeness source-link rate and code coverage are measured,No authoritative record,NOT_MEASURED,MEASURE_OR_REMOVE,Run a defined reproducible measurement or omit these metrics
M-021,VATE and EBRE,VATE and EBRE are implemented,current_architecture.md,CONTRADICTED,REMOVE_AS_IMPLEMENTED,May identify as future work only
M-022,Artifact URL,Public repository URL is available,Manuscript placeholder,OPEN_HUMAN_INPUT,REPLACE_BEFORE_SUBMISSION,Create or select final public JSS artifact repository and release
M-023,Artifact DOI,Permanent archival DOI is available,Manuscript placeholder,OPEN_HUMAN_INPUT,OPTIONAL_BEFORE_REVIEW_REQUIRED_BEFORE_CAMERA_READY,Create archival release and insert DOI if available
